1984	https://web.archive.org/web/20210223161114/https://www.sparknotes.com/lit/1984/
2001: A Space Odyssey	https://web.archive.org/web/20210223161114/https://www.sparknotes.com/lit/2001/
A&P	https://web.archive.org/web/20210223161114/https://www.sparknotes.com/short-stories/a-and-p/
Absalom Absalom!	https://web.archive.org/web/20210223161114/https://www.sparknotes.com/lit/absalom/
The Absolutely True Diary of a Part-Time Indian	https://web.archive.org/web/20210223161114/https://www.sparknotes.com/lit/the-absolutely-true-diary-of-a-part-time-indian/
Across Five Aprils	https://web.archive.org/web/20210223161114/https://www.sparknotes.com/lit/fiveaprils/
Adam Bede	https://web.archive.org/web/20210223161114/https://www.sparknotes.com/lit/adambede/
The Adventures of Huckleberry Finn	https://web.archive.org/web/20210223161114/https://www.sparknotes.com/lit/huckfinn/
The Adventures of Tom Sawyer	https://web.archive.org/web/20210223161114/https://www.sparknotes.com/lit/tomsawyer/
The Aeneid	https://web.archive.org/web/20210223161114/https://www.sparknotes.com/lit/aeneid/
Agamemnon	https://web.archive.org/web/20210223161114/https://www.sparknotes.com/lit/agamemnon/
The Age of Innocence	https://web.archive.org/web/20210223161114/https://www.sparknotes.com/lit/ageofinnocence/
Alas Babylon	https://web.archive.org/web/20210223161114/https://www.sparknotes.com/lit/alas/
The Alchemist	https://web.archive.org/web/20210223161114/https://www.sparknotes.com/lit/the-alchemist/
Alias Grace	https://web.archive.org/web/20210223161114/https://www.sparknotes.com/lit/aliasgrace/
Alice in Wonderland	https://web.archive.org/web/20210223161114/https://www.sparknotes.com/lit/alice/
All But My Life	https://web.archive.org/web/20210223161114/https://www.sparknotes.com/lit/allbutmylife/
All the King's Men	https://web.archive.org/web/20210223161114/https://www.sparknotes.com/lit/kingsmen/
All the Light We Cannot See	https://web.archive.org/web/20210223161114/https://www.sparknotes.com/lit/all-the-light/
All the Pretty Horses	https://web.archive.org/web/20210223161114/https://www.sparknotes.com/lit/allthepretty/
All Quiet on the Western Front	https://web.archive.org/web/20210223161114/https://www.sparknotes.com/lit/allquiet/
All's Well That Ends Well	https://web.archive.org/web/20210223161114/https://www.sparknotes.com/shakespeare/allswell/
The Ambassadors	https://web.archive.org/web/20210223161114/https://www.sparknotes.com/lit/ambassadors/
The American	https://web.archive.org/web/20210223161114/https://www.sparknotes.com/lit/american/
Americanah	https://web.archive.org/web/20210223161114/https://www.sparknotes.com/lit/americanah/
American Dream	https://web.archive.org/web/20210223161114/https://www.sparknotes.com/drama/americandream/
And Then There Were None	https://web.archive.org/web/20210223161114/https://www.sparknotes.com/lit/andthenthere/
Angela's Ashes	https://web.archive.org/web/20210223161114/https://www.sparknotes.com/lit/angelasashes/
Angels in America	https://web.archive.org/web/20210223161114/https://www.sparknotes.com/drama/angels/
Animal Dreams	https://web.archive.org/web/20210223161114/https://www.sparknotes.com/lit/animaldreams/
Animal Farm	https://web.archive.org/web/20210223161114/https://www.sparknotes.com/lit/animalfarm/
Anna Karenina	https://web.archive.org/web/20210223161114/https://www.sparknotes.com/lit/anna/
Anne of Green Gables	https://web.archive.org/web/20210223161114/https://www.sparknotes.com/lit/anneofgreengables/
Annie John	https://web.archive.org/web/20210223161114/https://www.sparknotes.com/lit/anniejohn/
Anthem	https://web.archive.org/web/20210223161114/https://www.sparknotes.com/lit/anthem/
Antigone (The Oedipus Plays)	https://web.archive.org/web/20210223161114/https://www.sparknotes.com/drama/oedipus/
Antigone	https://web.archive.org/web/20210223161114/https://www.sparknotes.com/drama/antigone/
Antony and Cleopatra	https://web.archive.org/web/20210223161114/https://www.sparknotes.com/shakespeare/antony/
Arcadia	https://web.archive.org/web/20210223161114/https://www.sparknotes.com/drama/arcadia/
Arms and the Man	https://web.archive.org/web/20210223161114/https://www.sparknotes.com/lit/arms-and-the-man/
Arrowsmith	https://web.archive.org/web/20210223161114/https://www.sparknotes.com/lit/arrowsmith/
As I Lay Dying	https://web.archive.org/web/20210223161114/https://www.sparknotes.com/lit/asilay/
The Assistant	https://web.archive.org/web/20210223161114/https://www.sparknotes.com/lit/assistant/
As You Like It	https://web.archive.org/web/20210223161114/https://www.sparknotes.com/shakespeare/asyoulikeit/
Atlas Shrugged	https://web.archive.org/web/20210223161114/https://www.sparknotes.com/lit/atlasshrugged/
The Autobiography of Benjamin Franklin	https://web.archive.org/web/20210223161114/https://www.sparknotes.com/lit/franklinautobio/
The Autobiography of Malcolm X	https://web.archive.org/web/20210223161114/https://www.sparknotes.com/lit/malcolmx/
The Autobiography of Miss Jane Pittman	https://web.archive.org/web/20210223161114/https://www.sparknotes.com/lit/missjane/
The Awakening	https://web.archive.org/web/20210223161114/https://www.sparknotes.com/lit/awakening/
Babbitt	https://web.archive.org/web/20210223161114/https://www.sparknotes.com/lit/babbitt/
Babylon Revisited	https://web.archive.org/web/20210223161114/https://www.sparknotes.com/short-stories/babylon-revisited/
The Bacchae	https://web.archive.org/web/20210223161114/https://www.sparknotes.com/drama/bacchae/
Barn Burning	https://web.archive.org/web/20210223161114/https://www.sparknotes.com/short-stories/barn-burning/
The Bean Trees	https://web.archive.org/web/20210223161114/https://www.sparknotes.com/lit/beantrees/
Bel Canto	https://web.archive.org/web/20210223161114/https://www.sparknotes.com/lit/belcanto/
The Bell Jar	https://web.archive.org/web/20210223161114/https://www.sparknotes.com/lit/belljar/
Beloved	https://web.archive.org/web/20210223161114/https://www.sparknotes.com/lit/beloved/
A Bend in the River	https://web.archive.org/web/20210223161114/https://www.sparknotes.com/lit/bend-in-the-river
Beowulf	https://web.archive.org/web/20210223161114/https://www.sparknotes.com/lit/beowulf/
Between the World and Me	https://web.archive.org/web/20210223161114/https://www.sparknotes.com/lit/betweentheworld/
Bible: The New Testament	https://web.archive.org/web/20210223161114/https://www.sparknotes.com/lit/newtestament/
Bible: The Old Testament	https://web.archive.org/web/20210223161114/https://www.sparknotes.com/lit/oldtestament/
The Big Sleep	https://web.archive.org/web/20210223161114/https://www.sparknotes.com/lit/bigsleep/
Billy Budd Sailor	https://web.archive.org/web/20210223161114/https://www.sparknotes.com/lit/billybudd/
Bird by Bird	https://web.archive.org/web/20210223161114/https://www.sparknotes.com/lit/birdbybird/
The Birthmark	https://web.archive.org/web/20210223161114/https://www.sparknotes.com/short-stories/the-birthmark/
Black Boy	https://web.archive.org/web/20210223161114/https://www.sparknotes.com/lit/blackboy/
Black Like Me	https://web.archive.org/web/20210223161114/https://www.sparknotes.com/lit/blacklikeme/
The Black Prince	https://web.archive.org/web/20210223161114/https://www.sparknotes.com/lit/blackprince/
Bleak House	https://web.archive.org/web/20210223161114/https://www.sparknotes.com/lit/bleakhouse/
Bless the Beasts and Children	https://web.archive.org/web/20210223161114/https://www.sparknotes.com/lit/beasts/
Bless Me Ultima	https://web.archive.org/web/20210223161114/https://www.sparknotes.com/lit/ultima/
The Blind Assassin	https://web.archive.org/web/20210223161114/https://www.sparknotes.com/lit/blindassassin/
The Bluest Eye	https://web.archive.org/web/20210223161114/https://www.sparknotes.com/lit/bluesteye/
The Bonesetter's Daughter	https://web.archive.org/web/20210223161114/https://www.sparknotes.com/lit/bonesetters-daughter/
The Book of the City of Ladies	https://web.archive.org/web/20210223161114/https://www.sparknotes.com/lit/cityladies/
The Book of Margery Kempe	https://web.archive.org/web/20210223161114/https://www.sparknotes.com/lit/margerykempe/
The Book Thief	https://web.archive.org/web/20210223161114/https://www.sparknotes.com/lit/the-book-thief/
A Border Passage	https://web.archive.org/web/20210223161114/https://www.sparknotes.com/lit/borderpassage/
The Boy in the Striped Pajamas	https://web.archive.org/web/20210223161114/https://www.sparknotes.com/lit/boy-in-striped-pajamas/
Brave New World	https://web.archive.org/web/20210223161114/https://www.sparknotes.com/lit/bravenew/
Bread Givers	https://web.archive.org/web/20210223161114/https://www.sparknotes.com/lit/breadgivers/
Breath Eyes Memory	https://web.archive.org/web/20210223161114/https://www.sparknotes.com/lit/breatheyes/
Brideshead Revisited	https://web.archive.org/web/20210223161114/https://www.sparknotes.com/lit/brideshead-revisited/
Bridge to Terabithia	https://web.archive.org/web/20210223161114/https://www.sparknotes.com/lit/terabithia/
The Brief Wondrous Life of Oscar Wao	https://web.archive.org/web/20210223161114/https://www.sparknotes.com/lit/brief-wondrous-life-oscar-wao/
Brokeback Mountain	https://web.archive.org/web/20210223161114/https://www.sparknotes.com/short-stories/brokeback-mountain/
The Brothers Karamazov	https://web.archive.org/web/20210223161114/https://www.sparknotes.com/lit/brothersk/
The Caine Mutiny	https://web.archive.org/web/20210223161114/https://www.sparknotes.com/lit/cainemutiny/
The Call of the Wild	https://web.archive.org/web/20210223161114/https://www.sparknotes.com/lit/call/
Candide	https://web.archive.org/web/20210223161114/https://www.sparknotes.com/lit/candide/
Cannery Row	https://web.archive.org/web/20210223161114/https://www.sparknotes.com/lit/canneryrow/
The Canterbury Tales	https://web.archive.org/web/20210223161114/https://www.sparknotes.com/lit/the-canterbury-tales/
Catch-22	https://web.archive.org/web/20210223161114/https://www.sparknotes.com/lit/catch22/
The Catcher in the Rye	https://web.archive.org/web/20210223161114/https://www.sparknotes.com/lit/catcher/
Catching Fire	https://web.archive.org/web/20210223161114/https://www.sparknotes.com/lit/catching-fire/
Cat on a Hot Tin Roof	https://web.archive.org/web/20210223161114/https://www.sparknotes.com/drama/cat/
Cathedral	https://web.archive.org/web/20210223161114/https://www.sparknotes.com/short-stories/cathedral/
Cat's Cradle	https://web.archive.org/web/20210223161114/https://www.sparknotes.com/lit/catscradle/
Cat's Eye	https://web.archive.org/web/20210223161114/https://www.sparknotes.com/lit/catseye/
Ceremony	https://web.archive.org/web/20210223161114/https://www.sparknotes.com/lit/ceremony/
The Chairs	https://web.archive.org/web/20210223161114/https://www.sparknotes.com/drama/chairs/
Changes: A Love Story	https://web.archive.org/web/20210223161114/https://www.sparknotes.com/lit/changes/
Charlie and the Chocolate Factory	https://web.archive.org/web/20210223161114/https://www.sparknotes.com/lit/charlie/
Chekhov Stories	https://web.archive.org/web/20210223161114/https://www.sparknotes.com/lit/chekhov/
The Cherry Orchard	https://web.archive.org/web/20210223161114/https://www.sparknotes.com/drama/cherryorchard/
Childhood's End	https://web.archive.org/web/20210223161114/https://www.sparknotes.com/lit/childhoodsend/
Child of the Dark	https://web.archive.org/web/20210223161114/https://www.sparknotes.com/lit/childofthedark/
The Chocolate War	https://web.archive.org/web/20210223161114/https://www.sparknotes.com/lit/chocolatewar/
The Chosen	https://web.archive.org/web/20210223161114/https://www.sparknotes.com/lit/chosen/
A Christmas Carol	https://web.archive.org/web/20210223161114/https://www.sparknotes.com/lit/christmascarol/
Chronicle of a Death Foretold	https://web.archive.org/web/20210223161114/https://www.sparknotes.com/lit/chrondeath/
The Chrysanthemums	https://web.archive.org/web/20210223161114/https://www.sparknotes.com/short-stories/the-chrysanthemums/
Clarissa	https://web.archive.org/web/20210223161114/https://www.sparknotes.com/lit/clarissa/
A Clash of Kings	https://web.archive.org/web/20210223161114/https://www.sparknotes.com/lit/a-clash-of-kings/
A Clean Well-Lighted Place	https://web.archive.org/web/20210223161114/https://www.sparknotes.com/short-stories/a-clean-well-lighted-place/
A Clockwork Orange	https://web.archive.org/web/20210223161114/https://www.sparknotes.com/lit/clockworkorange/
Cloud 9	https://web.archive.org/web/20210223161114/https://www.sparknotes.com/drama/cloudnine/
The Clouds	https://web.archive.org/web/20210223161114/https://www.sparknotes.com/drama/theclouds/
Cold Mountain	https://web.archive.org/web/20210223161114/https://www.sparknotes.com/lit/coldmountain/
Cold Sassy Tree	https://web.archive.org/web/20210223161114/https://www.sparknotes.com/lit/coldsassy/
The Color of Water	https://web.archive.org/web/20210223161114/https://www.sparknotes.com/lit/colorofwater/
The Color Purple	https://web.archive.org/web/20210223161114/https://www.sparknotes.com/lit/purple/
The Comedy of Errors	https://web.archive.org/web/20210223161114/https://www.sparknotes.com/shakespeare/errors/
Coming of Age in Mississippi	https://web.archive.org/web/20210223161114/https://www.sparknotes.com/lit/comingofage/
Common Sense	https://web.archive.org/web/20210223161114/https://www.sparknotes.com/lit/commonsense/
A Connecticut Yankee in King Arthur's Court	https://web.archive.org/web/20210223161114/https://www.sparknotes.com/lit/yankee/
The Contender	https://web.archive.org/web/20210223161114/https://www.sparknotes.com/lit/contender/
Continuity of Parks	https://web.archive.org/web/20210223161114/https://www.sparknotes.com/short-stories/continuity-of-parks/
Coriolanus	https://web.archive.org/web/20210223161114/https://www.sparknotes.com/shakespeare/coriolanus/
The Count of Monte Cristo	https://web.archive.org/web/20210223161114/https://www.sparknotes.com/lit/montecristo/
Crime and Punishment	https://web.archive.org/web/20210223161114/https://www.sparknotes.com/lit/crime/
The Crucible	https://web.archive.org/web/20210223161114/https://www.sparknotes.com/lit/crucible/
Cry the Beloved Country	https://web.archive.org/web/20210223161114/https://www.sparknotes.com/lit/cry/
The Crying of Lot 49	https://web.archive.org/web/20210223161114/https://www.sparknotes.com/lit/lot49/
The Curious Incident of the Dog in the Night-time	https://web.archive.org/web/20210223161114/https://www.sparknotes.com/lit/the-curious-incident-of-the-dog-in-the-night-time/
Cyrano de Bergerac	https://web.archive.org/web/20210223161114/https://www.sparknotes.com/lit/cyrano/
Daisy Miller	https://web.archive.org/web/20210223161114/https://www.sparknotes.com/lit/daisy/
Dandelion Wine	https://web.archive.org/web/20210223161114/https://www.sparknotes.com/lit/dandelion/
Dangerous Liaisons	https://web.archive.org/web/20210223161114/https://www.sparknotes.com/lit/dangerous/
David Copperfield	https://web.archive.org/web/20210223161114/https://www.sparknotes.com/lit/copperfield/
The Da Vinci Code	https://web.archive.org/web/20210223161114/https://www.sparknotes.com/lit/davincicode/
A Day No Pigs Would Die	https://web.archive.org/web/20210223161114/https://www.sparknotes.com/lit/adaynopigs/
The Day of the Locust	https://web.archive.org/web/20210223161114/https://www.sparknotes.com/lit/locust/
Dead Man Walking	https://web.archive.org/web/20210223161114/https://www.sparknotes.com/lit/deadmanwalking/
Death Be Not Proud	https://web.archive.org/web/20210223161114/https://www.sparknotes.com/lit/deathbenot/
A Death in the Family	https://web.archive.org/web/20210223161114/https://www.sparknotes.com/lit/deathinthefamily/
A Death in the Woods	https://web.archive.org/web/20210223161114/https://www.sparknotes.com/short-stories/a-death-in-the-woods/
Death in Venice	https://web.archive.org/web/20210223161114/https://www.sparknotes.com/lit/venice/
The Death of Ivan Ilych	https://web.archive.org/web/20210223161114/https://www.sparknotes.com/lit/ivanilych/
Death of a Salesman	https://web.archive.org/web/20210223161114/https://www.sparknotes.com/lit/salesman/
The Devil in the White City	https://web.archive.org/web/20210223161114/https://www.sparknotes.com/lit/the-devil-in-the-white-city/
Demian	https://web.archive.org/web/20210223161114/https://www.sparknotes.com/lit/demian/
Diary of a Young Girl	https://web.archive.org/web/20210223161114/https://www.sparknotes.com/lit/annefrank/
Dicey's Song	https://web.archive.org/web/20210223161114/https://www.sparknotes.com/lit/diceyssong/
Distant View of a Minaret	https://web.archive.org/web/20210223161114/https://www.sparknotes.com/lit/distantview/
Divergent	https://web.archive.org/web/20210223161114/https://www.sparknotes.com/lit/divergent/
Doctor Faustus	https://web.archive.org/web/20210223161114/https://www.sparknotes.com/lit/doctorfaustus/
A Doll’s House	https://web.archive.org/web/20210223161114/https://www.sparknotes.com/lit/dollhouse/
Don Quixote	https://web.archive.org/web/20210223161114/https://www.sparknotes.com/lit/donquixote/
Dracula	https://web.archive.org/web/20210223161114/https://www.sparknotes.com/lit/dracula/
Dr. Jekyll and Mr. Hyde	https://web.archive.org/web/20210223161114/https://www.sparknotes.com/lit/jekyll/
Dr. Zhivago	https://web.archive.org/web/20210223161114/https://www.sparknotes.com/lit/zhivago/
Dubliners	https://web.archive.org/web/20210223161114/https://www.sparknotes.com/lit/dubliners/
The Dumb Waiter	https://web.archive.org/web/20210223161114/https://www.sparknotes.com/drama/dumbwaiter/
Dune	https://web.archive.org/web/20210223161114/https://www.sparknotes.com/lit/dune/
East of Eden	https://web.archive.org/web/20210223161114/https://www.sparknotes.com/lit/eastofeden/
Educated	https://web.archive.org/web/20210223161114/https://www.sparknotes.com/lit/educated/
Eleanor & Park	https://web.archive.org/web/20210223161114/https://www.sparknotes.com/lit/eleanor-and-park/
Electra	https://web.archive.org/web/20210223161114/https://www.sparknotes.com/drama/electra/
The Elegant Universe	https://web.archive.org/web/20210223161114/https://www.sparknotes.com/lit/elegantuniverse/
Ellen Foster	https://web.archive.org/web/20210223161114/https://www.sparknotes.com/lit/ellenfoster/
Emma	https://web.archive.org/web/20210223161114/https://www.sparknotes.com/lit/emma/
Ender's Game	https://web.archive.org/web/20210223161114/https://www.sparknotes.com/lit/endersgame/
Endgame	https://web.archive.org/web/20210223161114/https://www.sparknotes.com/drama/endgame/
An Enemy of the People	https://web.archive.org/web/20210223161114/https://www.sparknotes.com/lit/enemyofthepeople/
The English Patient	https://web.archive.org/web/20210223161114/https://www.sparknotes.com/lit/englishpatient/
Ethan Frome	https://web.archive.org/web/20210223161114/https://www.sparknotes.com/lit/frome/
Everyday Use	https://web.archive.org/web/20210223161114/https://www.sparknotes.com/short-stories/everyday-use/
Everyman	https://web.archive.org/web/20210223161114/https://www.sparknotes.com/lit/everyman/
Everything That Rises Must Converge	https://web.archive.org/web/20210223161114/https://www.sparknotes.com/short-stories/everything-that-rises-must-converge/
Exit West	https://web.archive.org/web/20210223161114/https://www.sparknotes.com/lit/exit-west/
Extremely Loud and Incredibly Close	https://web.archive.org/web/20210223161114/https://www.sparknotes.com/lit/extremelyloud/
Fahrenheit 451	https://web.archive.org/web/20210223161114/https://www.sparknotes.com/lit/451/
Fallen Angels	https://web.archive.org/web/20210223161114/https://www.sparknotes.com/lit/fallenangels/
A Farewell to Arms	https://web.archive.org/web/20210223161114/https://www.sparknotes.com/lit/farewell/
Farewell to Manzanar	https://web.archive.org/web/20210223161114/https://www.sparknotes.com/lit/manzanar/
Far from the Madding Crowd	https://web.archive.org/web/20210223161114/https://www.sparknotes.com/lit/maddingcrowd/
The Fault in Our Stars	https://web.archive.org/web/20210223161114/https://www.sparknotes.com/lit/the-fault-in-our-stars/
The Fellowship of the Ring	https://web.archive.org/web/20210223161114/https://www.sparknotes.com/lit/fellowship/
Fences	https://web.archive.org/web/20210223161114/https://www.sparknotes.com/drama/fences/
The Flies	https://web.archive.org/web/20210223161114/https://www.sparknotes.com/drama/theflies/
Flowers for Algernon	https://web.archive.org/web/20210223161114/https://www.sparknotes.com/lit/algernon/
Fool For Love	https://web.archive.org/web/20210223161114/https://www.sparknotes.com/drama/foollove/
For Whom the Bell Tolls	https://web.archive.org/web/20210223161114/https://www.sparknotes.com/lit/belltolls/
The Fountainhead	https://web.archive.org/web/20210223161114/https://www.sparknotes.com/lit/fountainhead/
Frankenstein	https://web.archive.org/web/20210223161114/https://www.sparknotes.com/lit/frankenstein/
Franny and Zooey	https://web.archive.org/web/20210223161114/https://www.sparknotes.com/lit/franny/
A Game of Thrones	https://web.archive.org/web/20210223161114/https://www.sparknotes.com/lit/a-game-of-thrones/
Game of Thrones: A Clash of Kings	https://web.archive.org/web/20210223161114/https://www.sparknotes.com/lit/a-clash-of-kings/
Game of Thrones: A Storm of Swords	https://web.archive.org/web/20210223161114/https://www.sparknotes.com/lit/a-storm-of-swords/
A Gathering of Old Men	https://web.archive.org/web/20210223161114/https://www.sparknotes.com/lit/gatheringofoldmen/
A Gesture Life	https://web.archive.org/web/20210223161114/https://www.sparknotes.com/lit/gesture-life/
Ghosts	https://web.archive.org/web/20210223161114/https://www.sparknotes.com/lit/ghosts/
Giants in the Earth	https://web.archive.org/web/20210223161114/https://www.sparknotes.com/lit/giants/
Gilgamesh	https://web.archive.org/web/20210223161114/https://www.sparknotes.com/lit/gilgamesh/
Girl	https://web.archive.org/web/20210223161114/https://www.sparknotes.com/short-stories/girl/
Girl Interrupted	https://web.archive.org/web/20210223161114/https://www.sparknotes.com/lit/girlinterrupted/
The Girl With the Dragon Tattoo	https://web.archive.org/web/20210223161114/https://www.sparknotes.com/lit/the-girl-with-the-dragon-tattoo/
The Giver	https://web.archive.org/web/20210223161114/https://www.sparknotes.com/lit/giver/
The Glass Castle	https://web.archive.org/web/20210223161114/https://www.sparknotes.com/lit/glasscastle/
The Glass Menagerie	https://web.archive.org/web/20210223161114/https://www.sparknotes.com/lit/menagerie/
Glengarry Glen Ross	https://web.archive.org/web/20210223161114/https://www.sparknotes.com/drama/glengarry/
Go Ask Alice	https://web.archive.org/web/20210223161114/https://www.sparknotes.com/lit/goaskalice/
Go Down Moses	https://web.archive.org/web/20210223161114/https://www.sparknotes.com/lit/moses/
Go Set a Watchman	https://web.archive.org/web/20210223161114/https://www.sparknotes.com/lit/go-set-a-watchman/
Gone with the Wind	https://web.archive.org/web/20210223161114/https://www.sparknotes.com/lit/gonewith/
The Good Earth	https://web.archive.org/web/20210223161114/https://www.sparknotes.com/lit/goodearth/
A Good Man Is Hard to Find	https://web.archive.org/web/20210223161114/https://www.sparknotes.com/short-stories/a-good-man-is-hard-to-find/
The Good Soldier	https://web.archive.org/web/20210223161114/https://www.sparknotes.com/lit/goodsoldier/
Go Tell it on the Mountain	https://web.archive.org/web/20210223161114/https://www.sparknotes.com/lit/gotellit/
The Grapes of Wrath	https://web.archive.org/web/20210223161114/https://www.sparknotes.com/lit/grapesofwrath/
Great Expectations	https://web.archive.org/web/20210223161114/https://www.sparknotes.com/lit/greatex/
The Great Gatsby	https://web.archive.org/web/20210223161114/https://www.sparknotes.com/lit/gatsby/
Grendel	https://web.archive.org/web/20210223161114/https://www.sparknotes.com/lit/grendel/
Gulliver’s Travels	https://web.archive.org/web/20210223161114/https://www.sparknotes.com/lit/gulliver/
Hamlet	https://web.archive.org/web/20210223161114/https://www.sparknotes.com/shakespeare/hamlet/
The Handmaid’s Tale	https://web.archive.org/web/20210223161114/https://www.sparknotes.com/lit/handmaid/
Happy Days	https://web.archive.org/web/20210223161114/https://www.sparknotes.com/drama/happydays/
Hard Times	https://web.archive.org/web/20210223161114/https://www.sparknotes.com/lit/hardtimes/
Harrison Bergeron	https://web.archive.org/web/20210223161114/https://www.sparknotes.com/short-stories/harrison-bergeron/
Harry Potter and the Chamber of Secrets	https://web.archive.org/web/20210223161114/https://www.sparknotes.com/lit/potter2/
Harry Potter and the Deathly Hallows	https://web.archive.org/web/20210223161114/https://www.sparknotes.com/lit/potter7/
Harry Potter and the Goblet of Fire	https://web.archive.org/web/20210223161114/https://www.sparknotes.com/lit/potter4/
Harry Potter and the Half-Blood Prince	https://web.archive.org/web/20210223161114/https://www.sparknotes.com/lit/potter6/
Harry Potter and The Order of the Phoenix	https://web.archive.org/web/20210223161114/https://www.sparknotes.com/lit/harrypotter5/
Harry Potter and the Prisoner of Azkaban	https://web.archive.org/web/20210223161114/https://www.sparknotes.com/lit/potter3/
Harry Potter and the Sorcerer's Stone	https://web.archive.org/web/20210223161114/https://www.sparknotes.com/lit/harrypotter/
Hatchet	https://web.archive.org/web/20210223161114/https://www.sparknotes.com/lit/hatchet/
The Hate U Give	https://web.archive.org/web/20210223161114/https://www.sparknotes.com/lit/the-hate-u-give/
Having Our Say: The Delany Sisters’ First 100 Years	https://web.archive.org/web/20210223161114/https://www.sparknotes.com/lit/havingoursay/
The Heart Is a Lonely Hunter	https://web.archive.org/web/20210223161114/https://www.sparknotes.com/lit/lonelyhunter/
Heart of Darkness	https://web.archive.org/web/20210223161114/https://www.sparknotes.com/lit/heart-of-darkness/
Hedda Gabler	https://web.archive.org/web/20210223161114/https://www.sparknotes.com/lit/heddagabler/
Henry IV Part 1	https://web.archive.org/web/20210223161114/https://www.sparknotes.com/shakespeare/henry4pt1/
Henry IV Part 2	https://web.archive.org/web/20210223161114/https://www.sparknotes.com/shakespeare/henry4pt2/
Henry V	https://web.archive.org/web/20210223161114/https://www.sparknotes.com/shakespeare/henryv/
Henry VIII	https://web.archive.org/web/20210223161114/https://www.sparknotes.com/shakespeare/henryviii/
Henry VI Part 1	https://web.archive.org/web/20210223161114/https://www.sparknotes.com/shakespeare/henry6pt1/
Henry VI Part 2	https://web.archive.org/web/20210223161114/https://www.sparknotes.com/shakespeare/henry6pt2/
Henry VI Part 3	https://web.archive.org/web/20210223161114/https://www.sparknotes.com/shakespeare/henry6pt3/
Herland	https://web.archive.org/web/20210223161114/https://www.sparknotes.com/lit/herland/
Herzog	https://web.archive.org/web/20210223161114/https://www.sparknotes.com/lit/herzog/
Hills Like White Elephants	https://web.archive.org/web/20210223161114/https://www.sparknotes.com/short-stories/hills-like-white-elephants/
Hiroshima	https://web.archive.org/web/20210223161114/https://www.sparknotes.com/lit/hiroshima/
His Dark Materials	https://web.archive.org/web/20210223161114/https://www.sparknotes.com/lit/hisdarkmaterials/
The Hobbit	https://web.archive.org/web/20210223161114/https://www.sparknotes.com/lit/hobbit/
Holes	https://web.archive.org/web/20210223161114/https://www.sparknotes.com/lit/holes/
Homecoming	https://web.archive.org/web/20210223161114/https://www.sparknotes.com/lit/homecoming/
Hound of the Baskervilles	https://web.archive.org/web/20210223161114/https://www.sparknotes.com/lit/hound/
The Hours	https://web.archive.org/web/20210223161114/https://www.sparknotes.com/lit/hours/
House Made of Dawn	https://web.archive.org/web/20210223161114/https://www.sparknotes.com/lit/housedawn/
The House of Mirth	https://web.archive.org/web/20210223161114/https://www.sparknotes.com/lit/mirth/
The House of the Seven Gables	https://web.archive.org/web/20210223161114/https://www.sparknotes.com/lit/sevengables/
The House of the Spirits	https://web.archive.org/web/20210223161114/https://www.sparknotes.com/lit/houseofspirits/
The House on Mango Street	https://web.archive.org/web/20210223161114/https://www.sparknotes.com/lit/mangostreet/
Howards End	https://web.archive.org/web/20210223161114/https://www.sparknotes.com/lit/howardsend/
How the Garcia Girls Lost Their Accents	https://web.archive.org/web/20210223161114/https://www.sparknotes.com/lit/garciagirls/
Hunchback of Notre Dame	https://web.archive.org/web/20210223161114/https://www.sparknotes.com/lit/hunchback/
A Hunger Artist	https://web.archive.org/web/20210223161114/https://www.sparknotes.com/short-stories/a-hunger-artist/
The Hunger Games	https://web.archive.org/web/20210223161114/https://www.sparknotes.com/lit/the-hunger-games/
The Hunger Games: Catching Fire	https://web.archive.org/web/20210223161114/https://www.sparknotes.com/lit/catching-fire/
I Am the Cheese	https://web.archive.org/web/20210223161114/https://www.sparknotes.com/lit/cheese/
The Iceman Cometh	https://web.archive.org/web/20210223161114/https://www.sparknotes.com/drama/icemancometh/
An Ideal Husband	https://web.archive.org/web/20210223161114/https://www.sparknotes.com/drama/idealhusband/
The Idiot	https://web.archive.org/web/20210223161114/https://www.sparknotes.com/lit/idiot/
I Know Why the Caged Bird Sings	https://web.archive.org/web/20210223161114/https://www.sparknotes.com/lit/cagedbird/
The Iliad	https://web.archive.org/web/20210223161114/https://www.sparknotes.com/lit/iliad/
The Immortal Life of Henrietta Lacks	https://web.archive.org/web/20210223161114/https://www.sparknotes.com/lit/immortal-life/
The Importance of Being Earnest	https://web.archive.org/web/20210223161114/https://www.sparknotes.com/lit/earnest/
Incidents in the Life of a Slave Girl	https://web.archive.org/web/20210223161114/https://www.sparknotes.com/lit/incidents/
In Cold Blood	https://web.archive.org/web/20210223161114/https://www.sparknotes.com/lit/incoldblood/
I Never Promised You a Rose Garden	https://web.archive.org/web/20210223161114/https://www.sparknotes.com/lit/rosegarden/
Inferno	https://web.archive.org/web/20210223161114/https://www.sparknotes.com/poetry/inferno/
Inherit the Wind	https://web.archive.org/web/20210223161114/https://www.sparknotes.com/drama/inheritwind/
Interpreter of Maladies	https://web.archive.org/web/20210223161114/https://www.sparknotes.com/short-stories/interpreter-of-maladies/
In Our Time	https://web.archive.org/web/20210223161114/https://www.sparknotes.com/lit/inourtime/
An Inspector Calls	https://web.archive.org/web/20210223161114/https://www.sparknotes.com/drama/an-inspector-calls/
Into the Wild	https://web.archive.org/web/20210223161114/https://www.sparknotes.com/lit/into-the-wild/
Into Thin Air	https://web.archive.org/web/20210223161114/https://www.sparknotes.com/lit/thinair/
Invisible Man	https://web.archive.org/web/20210223161114/https://www.sparknotes.com/lit/invisibleman/
Iola Leroy	https://web.archive.org/web/20210223161114/https://www.sparknotes.com/lit/iolaleroy/
I Rigoberta Menchu	https://web.archive.org/web/20210223161114/https://www.sparknotes.com/lit/irigoberta/
Island of the Blue Dolphins	https://web.archive.org/web/20210223161114/https://www.sparknotes.com/lit/dolphins/
I Stand Here Ironing	https://web.archive.org/web/20210223161114/https://www.sparknotes.com/short-stories/i-stand-here-ironing/
Ivanhoe	https://web.archive.org/web/20210223161114/https://www.sparknotes.com/lit/ivanhoe/
Jane Eyre	https://web.archive.org/web/20210223161114/https://www.sparknotes.com/lit/janeeyre/
Jazz	https://web.archive.org/web/20210223161114/https://www.sparknotes.com/lit/jazz/
The Jew of Malta	https://web.archive.org/web/20210223161114/https://www.sparknotes.com/drama/jewofmalta/
The Jilting of Granny Weatherall	https://web.archive.org/web/20210223161114/https://www.sparknotes.com/short-stories/the-jilting-of-granny-weatherall/
Johnny Got His Gun	https://web.archive.org/web/20210223161114/https://www.sparknotes.com/lit/johnnygun/
Johnny Tremain	https://web.archive.org/web/20210223161114/https://www.sparknotes.com/lit/johnnytremain/
Journey into the Whirlwind	https://web.archive.org/web/20210223161114/https://www.sparknotes.com/lit/whirlwind/
The Joy Luck Club	https://web.archive.org/web/20210223161114/https://www.sparknotes.com/lit/joyluck/
The Joys of Motherhood	https://web.archive.org/web/20210223161114/https://www.sparknotes.com/lit/joysofmotherhood/
Jude the Obscure	https://web.archive.org/web/20210223161114/https://www.sparknotes.com/lit/jude/
Julius Caesar	https://web.archive.org/web/20210223161114/https://www.sparknotes.com/shakespeare/juliuscaesar/
The Jungle	https://web.archive.org/web/20210223161114/https://www.sparknotes.com/lit/jungle/
Jurassic Park	https://web.archive.org/web/20210223161114/https://www.sparknotes.com/lit/jurassicpark/
Kidnapped	https://web.archive.org/web/20210223161114/https://www.sparknotes.com/lit/kidnapped/
The Killer Angels	https://web.archive.org/web/20210223161114/https://www.sparknotes.com/lit/killerangels/
Kindred	https://web.archive.org/web/20210223161114/https://www.sparknotes.com/lit/kindred/
King John	https://web.archive.org/web/20210223161114/https://www.sparknotes.com/shakespeare/kingjohn/
King Lear	https://web.archive.org/web/20210223161114/https://www.sparknotes.com/shakespeare/lear/
The King Must Die	https://web.archive.org/web/20210223161114/https://www.sparknotes.com/lit/kingmustdie/
The Kitchen God's Wife	https://web.archive.org/web/20210223161114/https://www.sparknotes.com/lit/kitchengods/
The Kite Runner	https://web.archive.org/web/20210223161114/https://www.sparknotes.com/lit/the-kite-runner/
Krik? Krak!	https://web.archive.org/web/20210223161114/https://www.sparknotes.com/lit/krikkrak/
Lady Chatterley's Lover	https://web.archive.org/web/20210223161114/https://www.sparknotes.com/lit/ladychatterley/
The Land	https://web.archive.org/web/20210223161114/https://www.sparknotes.com/lit/land/
The Last of the Mohicans	https://web.archive.org/web/20210223161114/https://www.sparknotes.com/lit/mohicans/
Legs	https://web.archive.org/web/20210223161114/https://www.sparknotes.com/lit/legs/
Les Misérables	https://web.archive.org/web/20210223161114/https://www.sparknotes.com/lit/lesmis/
A Lesson Before Dying	https://web.archive.org/web/20210223161114/https://www.sparknotes.com/lit/lessonbefore/
The Libation Bearers	https://web.archive.org/web/20210223161114/https://www.sparknotes.com/drama/libationbearers/
Lieutenant Nun	https://web.archive.org/web/20210223161114/https://www.sparknotes.com/lit/lieutenantnun/
Life of Pi	https://web.archive.org/web/20210223161114/https://www.sparknotes.com/lit/lifeofpi/
Light in August	https://web.archive.org/web/20210223161114/https://www.sparknotes.com/lit/lightinaugust/
The Light in the Forest	https://web.archive.org/web/20210223161114/https://www.sparknotes.com/lit/lightforest/
Like Water for Chocolate	https://web.archive.org/web/20210223161114/https://www.sparknotes.com/lit/likewater/
The Lion The Witch and The Wardrobe	https://web.archive.org/web/20210223161114/https://www.sparknotes.com/lit/lion/
The Little Prince	https://web.archive.org/web/20210223161114/https://www.sparknotes.com/lit/littleprince/
Little Women	https://web.archive.org/web/20210223161114/https://www.sparknotes.com/lit/littlewomen/
Lolita	https://web.archive.org/web/20210223161114/https://www.sparknotes.com/lit/lolita/
Long Day's Journey into Night	https://web.archive.org/web/20210223161114/https://www.sparknotes.com/lit/longdays/
Looking Backward	https://web.archive.org/web/20210223161114/https://www.sparknotes.com/lit/lookingbackward/
Lord Jim	https://web.archive.org/web/20210223161114/https://www.sparknotes.com/lit/lordjim/
Lord of the Flies	https://web.archive.org/web/20210223161114/https://www.sparknotes.com/lit/flies/
Lord of the Rings: The Fellowship of the Ring	https://web.archive.org/web/20210223161114/https://www.sparknotes.com/lit/fellowship/
Lord of the Rings: The Two Towers	https://web.archive.org/web/20210223161114/https://www.sparknotes.com/lit/twotowers/
Lord of the Rings: The Return of the King	https://web.archive.org/web/20210223161114/https://www.sparknotes.com/lit/returnking/
The Lottery	https://web.archive.org/web/20210223161114/https://www.sparknotes.com/short-stories/the-lottery/
Love in the Time of Cholera	https://web.archive.org/web/20210223161114/https://www.sparknotes.com/lit/cholera/
Love's Labours Lost	https://web.archive.org/web/20210223161114/https://www.sparknotes.com/shakespeare/labours/
Lucky Jim	https://web.archive.org/web/20210223161114/https://www.sparknotes.com/lit/luckyjim/
Lucy: A Novel	https://web.archive.org/web/20210223161114/https://www.sparknotes.com/lit/lucy/
Lysistrata	https://web.archive.org/web/20210223161114/https://www.sparknotes.com/drama/lysistrata/
Macbeth	https://web.archive.org/web/20210223161114/https://www.sparknotes.com/shakespeare/macbeth/
Madame Bovary	https://web.archive.org/web/20210223161114/https://www.sparknotes.com/lit/bovary/
Maggie: A Girl of the Streets	https://web.archive.org/web/20210223161114/https://www.sparknotes.com/lit/maggie/
The Maids	https://web.archive.org/web/20210223161114/https://www.sparknotes.com/drama/maids/
Main Street	https://web.archive.org/web/20210223161114/https://www.sparknotes.com/lit/mainstreet/
Major Barbara	https://web.archive.org/web/20210223161114/https://www.sparknotes.com/drama/majorbarbara/
A Man for All Seasons	https://web.archive.org/web/20210223161114/https://www.sparknotes.com/lit/amanforallseasons/
Mansfield Park	https://web.archive.org/web/20210223161114/https://www.sparknotes.com/lit/mansfieldpark/
The Man Who Was Almost a Man	https://web.archive.org/web/20210223161114/https://www.sparknotes.com/short-stories/the-man-who-was-almost-a-man/
The Martian Chronicles	https://web.archive.org/web/20210223161114/https://www.sparknotes.com/lit/martianchronicles/
The Mayor of Casterbridge	https://web.archive.org/web/20210223161114/https://www.sparknotes.com/lit/casterbridge/
Measure for Measure	https://web.archive.org/web/20210223161114/https://www.sparknotes.com/shakespeare/measure/
Medea	https://web.archive.org/web/20210223161114/https://www.sparknotes.com/lit/medea/
A Medieval Life	https://web.archive.org/web/20210223161114/https://www.sparknotes.com/lit/medievallife/
Melville Stories	https://web.archive.org/web/20210223161114/https://www.sparknotes.com/lit/melvillestories/
The Member of the Wedding	https://web.archive.org/web/20210223161114/https://www.sparknotes.com/lit/memberwedding/
The Merchant of Venice	https://web.archive.org/web/20210223161114/https://www.sparknotes.com/shakespeare/merchant/
Meridian	https://web.archive.org/web/20210223161114/https://www.sparknotes.com/lit/meridian/
The Merry Wives of Windsor	https://web.archive.org/web/20210223161114/https://www.sparknotes.com/shakespeare/merrywives/
The Metamorphosis	https://web.archive.org/web/20210223161114/https://www.sparknotes.com/lit/metamorph/
Middlemarch	https://web.archive.org/web/20210223161114/https://www.sparknotes.com/lit/middlemarch/
Middlesex	https://web.archive.org/web/20210223161114/https://www.sparknotes.com/lit/middlesex
Midnight's Children	https://web.archive.org/web/20210223161114/https://www.sparknotes.com/lit/midnightschildren/
Missoula	https://web.archive.org/web/20210223161114/https://www.sparknotes.com/lit/missoula/
A Midsummer Night’s Dream	https://web.archive.org/web/20210223161114/https://www.sparknotes.com/shakespeare/msnd/
A Midwife’s Tale	https://web.archive.org/web/20210223161114/https://www.sparknotes.com/lit/midwifestale/
A Million Little Pieces	https://web.archive.org/web/20210223161114/https://www.sparknotes.com/lit/millionlittle/
The Mill on the Floss	https://web.archive.org/web/20210223161114/https://www.sparknotes.com/lit/millonthefloss/
The Misanthrope	https://web.archive.org/web/20210223161114/https://www.sparknotes.com/drama/misanthrope/
Miss Julie	https://web.archive.org/web/20210223161114/https://www.sparknotes.com/drama/missjulie/
Miss Lonelyhearts	https://web.archive.org/web/20210223161114/https://www.sparknotes.com/lit/lonelyhearts/
Moby-Dick	https://web.archive.org/web/20210223161114/https://www.sparknotes.com/lit/mobydick/
A Modest Proposal	https://web.archive.org/web/20210223161114/https://www.sparknotes.com/lit/modestproposal/
Moll Flanders	https://web.archive.org/web/20210223161114/https://www.sparknotes.com/lit/mollflanders/
The Monkey’s Paw	https://web.archive.org/web/20210223161114/https://www.sparknotes.com/short-stories/the-monkeys-paw/
The Moonstone	https://web.archive.org/web/20210223161114/https://www.sparknotes.com/lit/moonstone/
The Most Dangerous Game	https://web.archive.org/web/20210223161114/https://www.sparknotes.com/short-stories/the-most-dangerous-game/
Mother Courage	https://web.archive.org/web/20210223161114/https://www.sparknotes.com/drama/mothercourage/
Mourning Becomes Electra	https://web.archive.org/web/20210223161114/https://www.sparknotes.com/drama/mourning/
Mrs. Dalloway	https://web.archive.org/web/20210223161114/https://www.sparknotes.com/lit/dalloway/
Much Ado About Nothing	https://web.archive.org/web/20210223161114/https://www.sparknotes.com/shakespeare/muchado/
Murder on the Orient Express	https://web.archive.org/web/20210223161114/https://www.sparknotes.com/lit/orientexpress/
My Ántonia	https://web.archive.org/web/20210223161114/https://www.sparknotes.com/lit/antonia/
My Brother Sam is Dead	https://web.archive.org/web/20210223161114/https://www.sparknotes.com/lit/brothersam/
My Name is Asher Lev	https://web.archive.org/web/20210223161114/https://www.sparknotes.com/lit/asher/
My Sister’s Keeper	https://web.archive.org/web/20210223161114/https://www.sparknotes.com/lit/my-sisters-keeper/
Mythology	https://web.archive.org/web/20210223161114/https://www.sparknotes.com/lit/mythology/
The Namesake	https://web.archive.org/web/20210223161114/https://www.sparknotes.com/lit/the-namesake/
Narrative of the Life of Frederick Douglass	https://web.archive.org/web/20210223161114/https://www.sparknotes.com/lit/narrative/
Native Son	https://web.archive.org/web/20210223161114/https://www.sparknotes.com/lit/nativeson/
The Natural	https://web.archive.org/web/20210223161114/https://www.sparknotes.com/lit/natural/
Nausea	https://web.archive.org/web/20210223161114/https://www.sparknotes.com/lit/nausea/
The Necklace	https://web.archive.org/web/20210223161114/https://www.sparknotes.com/short-stories/the-necklace/
Nectar in a Sieve	https://web.archive.org/web/20210223161114/https://www.sparknotes.com/lit/nectar/
Nervous Conditions	https://web.archive.org/web/20210223161114/https://www.sparknotes.com/lit/nervouscondition/
Never Let Me Go	https://web.archive.org/web/20210223161114/https://www.sparknotes.com/lit/never-let-me-go/
The New Testament	https://web.archive.org/web/20210223161114/https://www.sparknotes.com/lit/newtestament/
Night	https://web.archive.org/web/20210223161114/https://www.sparknotes.com/lit/night/
Nisa: The Life and Words of a !Kung Woman	https://web.archive.org/web/20210223161114/https://www.sparknotes.com/lit/nisa/
No Exit	https://web.archive.org/web/20210223161114/https://www.sparknotes.com/lit/noexit/
No Longer At Ease	https://web.archive.org/web/20210223161114/https://www.sparknotes.com/lit/nolonger/
Northanger Abbey	https://web.archive.org/web/20210223161114/https://www.sparknotes.com/lit/northangerabbey/
Notes from Underground	https://web.archive.org/web/20210223161114/https://www.sparknotes.com/lit/underground/
Number the Stars	https://web.archive.org/web/20210223161114/https://www.sparknotes.com/lit/numberthestars/
Obasan	https://web.archive.org/web/20210223161114/https://www.sparknotes.com/lit/obasan/
An Occurrence at Owl Creek Bridge	https://web.archive.org/web/20210223161114/https://www.sparknotes.com/short-stories/an-occurrence-at-owl-creek-bridge/
Odour of Chrysanthemums	https://web.archive.org/web/20210223161114/https://www.sparknotes.com/short-stories/odour-of-chrysanthemums/
The Odyssey	https://web.archive.org/web/20210223161114/https://www.sparknotes.com/lit/odyssey/
The Oedipus Plays	https://web.archive.org/web/20210223161114/https://www.sparknotes.com/drama/oedipus/
Of Mice and Men	https://web.archive.org/web/20210223161114/https://www.sparknotes.com/lit/micemen/
The Old Man and the Sea	https://web.archive.org/web/20210223161114/https://www.sparknotes.com/lit/oldman/
The Old Testament	https://web.archive.org/web/20210223161114/https://www.sparknotes.com/lit/oldtestament/
Oliver Twist	https://web.archive.org/web/20210223161114/https://www.sparknotes.com/lit/oliver/
On the Beach	https://web.archive.org/web/20210223161114/https://www.sparknotes.com/lit/onthebeach/
The Once and Future King	https://web.archive.org/web/20210223161114/https://www.sparknotes.com/lit/futureking/
One Day in the Life of Ivan Denisovich	https://web.archive.org/web/20210223161114/https://www.sparknotes.com/lit/denisovich/
One Flew Over the Cuckoo’s Nest	https://web.archive.org/web/20210223161114/https://www.sparknotes.com/lit/cuckoo/
One Hundred Years of Solitude	https://web.archive.org/web/20210223161114/https://www.sparknotes.com/lit/solitude/
On the Road	https://web.archive.org/web/20210223161114/https://www.sparknotes.com/lit/ontheroad/
The Open Boat	https://web.archive.org/web/20210223161114/https://www.sparknotes.com/short-stories/the-open-boat/
O Pioneers!	https://web.archive.org/web/20210223161114/https://www.sparknotes.com/lit/opioneers/
Oranges are Not the Only Fruit	https://web.archive.org/web/20210223161114/https://www.sparknotes.com/lit/oranges/
Ordinary People	https://web.archive.org/web/20210223161114/https://www.sparknotes.com/lit/ordinarypeople/
Orlando	https://web.archive.org/web/20210223161114/https://www.sparknotes.com/lit/orlando/
Oryx and Crake	https://web.archive.org/web/20210223161114/https://www.sparknotes.com/lit/oryxcrake/
Othello	https://web.archive.org/web/20210223161114/https://www.sparknotes.com/shakespeare/othello/
Our Town	https://web.archive.org/web/20210223161114/https://www.sparknotes.com/lit/ourtown/
Out of Africa	https://web.archive.org/web/20210223161114/https://www.sparknotes.com/lit/africa/
The Outsiders	https://web.archive.org/web/20210223161114/https://www.sparknotes.com/lit/outsiders/
Paper Towns	https://web.archive.org/web/20210223161114/https://www.sparknotes.com/lit/paper-towns/
Paradise Lost	https://web.archive.org/web/20210223161114/https://www.sparknotes.com/poetry/paradiselost/
A Passage to India	https://web.archive.org/web/20210223161114/https://www.sparknotes.com/lit/passage/
Paul’s Case: A Study in Temperament	https://web.archive.org/web/20210223161114/https://www.sparknotes.com/short-stories/pauls-case/
The Pearl	https://web.archive.org/web/20210223161114/https://www.sparknotes.com/lit/pearl/
A Perfect Day for Bananafish	https://web.archive.org/web/20210223161114/https://www.sparknotes.com/short-stories/a-perfect-day-for-bananafish/
Pericles	https://web.archive.org/web/20210223161114/https://www.sparknotes.com/shakespeare/pericles/
The Perks of Being a Wallflower	https://web.archive.org/web/20210223161114/https://www.sparknotes.com/lit/the-perks-of-being-a-wallflower/
Persuasion	https://web.archive.org/web/20210223161114/https://www.sparknotes.com/lit/persuasion/
The Phantom Tollbooth	https://web.archive.org/web/20210223161114/https://www.sparknotes.com/lit/tollbooth/
The Piano Lesson	https://web.archive.org/web/20210223161114/https://www.sparknotes.com/drama/piano/
The Picture of Dorian Gray	https://web.archive.org/web/20210223161114/https://www.sparknotes.com/lit/doriangray/
Pigs in Heaven	https://web.archive.org/web/20210223161114/https://www.sparknotes.com/lit/pigsheaven/
Pilgrim’s Progress	https://web.archive.org/web/20210223161114/https://www.sparknotes.com/lit/pilgrims/
The Plague	https://web.archive.org/web/20210223161114/https://www.sparknotes.com/lit/plague/
Poe’s Short Stories	https://web.archive.org/web/20210223161114/https://www.sparknotes.com/lit/poestories/
The Poisonwood Bible	https://web.archive.org/web/20210223161114/https://www.sparknotes.com/lit/poisonwood/
A Portrait of the Artist as a Young Man	https://web.archive.org/web/20210223161114/https://www.sparknotes.com/lit/portraitartist/
The Portrait of a Lady	https://web.archive.org/web/20210223161114/https://www.sparknotes.com/lit/portraitlady/
The Power and the Glory	https://web.archive.org/web/20210223161114/https://www.sparknotes.com/lit/powerglory/
The Power of One	https://web.archive.org/web/20210223161114/https://www.sparknotes.com/lit/power/
A Prayer for Owen Meany	https://web.archive.org/web/20210223161114/https://www.sparknotes.com/lit/owenmeany/
Pride and Prejudice	https://web.archive.org/web/20210223161114/https://www.sparknotes.com/lit/pride/
The Prince	https://web.archive.org/web/20210223161114/https://www.sparknotes.com/philosophy/prince/
The Princess Bride	https://web.archive.org/web/20210223161114/https://www.sparknotes.com/lit/princessbride/
Prometheus Bound	https://web.archive.org/web/20210223161114/https://www.sparknotes.com/drama/prometheus/
Pudd'nhead Wilson	https://web.archive.org/web/20210223161114/https://www.sparknotes.com/lit/puddnhead/
Pygmalion	https://web.archive.org/web/20210223161114/https://www.sparknotes.com/lit/pygmalion/
The Quiet American	https://web.archive.org/web/20210223161114/https://www.sparknotes.com/lit/the-quiet-american/
Ragtime	https://web.archive.org/web/20210223161114/https://www.sparknotes.com/lit/ragtime/
A Raisin in the Sun	https://web.archive.org/web/20210223161114/https://www.sparknotes.com/lit/raisin/
Rebecca	https://web.archive.org/web/20210223161114/https://www.sparknotes.com/lit/rebecca/
The Red and the Black	https://web.archive.org/web/20210223161114/https://www.sparknotes.com/lit/redblack/
The Red Badge of Courage	https://web.archive.org/web/20210223161114/https://www.sparknotes.com/lit/redbadge/
The Red-Headed League	https://web.archive.org/web/20210223161114/https://www.sparknotes.com/short-stories/the-red-headed-league/
The Red Pony	https://web.archive.org/web/20210223161114/https://www.sparknotes.com/lit/redpony/
The Red Tent	https://web.archive.org/web/20210223161114/https://www.sparknotes.com/lit/redtent/
Regeneration	https://web.archive.org/web/20210223161114/https://www.sparknotes.com/lit/regeneration/
The Remains of the Day	https://web.archive.org/web/20210223161114/https://www.sparknotes.com/lit/remains/
The Republic	https://web.archive.org/web/20210223161114/https://www.sparknotes.com/philosophy/republic/
The Return of the King	https://web.archive.org/web/20210223161114/https://www.sparknotes.com/lit/returnking/
The Return of the Native	https://web.archive.org/web/20210223161114/https://www.sparknotes.com/lit/returnofnative/
Rhinoceros	https://web.archive.org/web/20210223161114/https://www.sparknotes.com/drama/rhinoceros/
Richard II	https://web.archive.org/web/20210223161114/https://www.sparknotes.com/shakespeare/richardii/
Richard III	https://web.archive.org/web/20210223161114/https://www.sparknotes.com/shakespeare/richardiii/
Rita Hayworth and the Shawshank Redemption	https://web.archive.org/web/20210223161114/https://www.sparknotes.com/short-stories/rita-hayworth-and-the-shawshank-redemption/
Robinson Crusoe	https://web.archive.org/web/20210223161114/https://www.sparknotes.com/lit/crusoe/
Roll of Thunder Hear My Cry	https://web.archive.org/web/20210223161114/https://www.sparknotes.com/lit/rollofthunder/
Romeo and Juliet	https://web.archive.org/web/20210223161114/https://www.sparknotes.com/shakespeare/romeojuliet/
A Room of One's Own	https://web.archive.org/web/20210223161114/https://www.sparknotes.com/lit/roomofonesown/
A Room with a View	https://web.archive.org/web/20210223161114/https://www.sparknotes.com/lit/room/
A Rose for Emily	https://web.archive.org/web/20210223161114/https://www.sparknotes.com/short-stories/a-rose-for-emily/
Rosencrantz and Guildenstern Are Dead	https://web.archive.org/web/20210223161114/https://www.sparknotes.com/lit/rosencrantz/
Rubyfruit Jungle	https://web.archive.org/web/20210223161114/https://www.sparknotes.com/lit/rubyfruit/
Salomé	https://web.archive.org/web/20210223161114/https://www.sparknotes.com/drama/salome/
The Scarlet Letter	https://web.archive.org/web/20210223161114/https://www.sparknotes.com/lit/scarlet/
The Screwtape Letters	https://web.archive.org/web/20210223161114/https://www.sparknotes.com/lit/screwtape-letters/
The Seagull	https://web.archive.org/web/20210223161114/https://www.sparknotes.com/drama/seagull/
The Second Sex	https://web.archive.org/web/20210223161114/https://www.sparknotes.com/lit/secondsex/
The Secret Garden	https://web.archive.org/web/20210223161114/https://www.sparknotes.com/lit/secretgarden/
The Secret Life of Bees	https://web.archive.org/web/20210223161114/https://www.sparknotes.com/lit/secretbees/
Seize the Day	https://web.archive.org/web/20210223161114/https://www.sparknotes.com/lit/seize/
Sense and Sensibility	https://web.archive.org/web/20210223161114/https://www.sparknotes.com/lit/sensibility/
Sentimental Education	https://web.archive.org/web/20210223161114/https://www.sparknotes.com/lit/sentimental/
A Separate Peace	https://web.archive.org/web/20210223161114/https://www.sparknotes.com/lit/separate/
Shabanu	https://web.archive.org/web/20210223161114/https://www.sparknotes.com/lit/shabanu/
Shane	https://web.archive.org/web/20210223161114/https://www.sparknotes.com/lit/shane/
Shiloh	https://web.archive.org/web/20210223161114/https://www.sparknotes.com/short-stories/shiloh/
The Shipping News	https://web.archive.org/web/20210223161114/https://www.sparknotes.com/lit/shipping/
Siddhartha	https://web.archive.org/web/20210223161114/https://www.sparknotes.com/lit/siddhartha/
Silas Marner	https://web.archive.org/web/20210223161114/https://www.sparknotes.com/lit/silas/
Sir Gawain and the Green Knight	https://web.archive.org/web/20210223161114/https://www.sparknotes.com/lit/gawain/
Sister Carrie	https://web.archive.org/web/20210223161114/https://www.sparknotes.com/lit/sistercarrie/
The Sisterhood of the Traveling Pants	https://web.archive.org/web/20210223161114/https://www.sparknotes.com/lit/sisterpants/
Six Characters in Search of an Author	https://web.archive.org/web/20210223161114/https://www.sparknotes.com/drama/sixcharacters/
Slaughterhouse-Five	https://web.archive.org/web/20210223161114/https://www.sparknotes.com/lit/slaughter/
A Small Place	https://web.archive.org/web/20210223161114/https://www.sparknotes.com/lit/smallplace/
Snow Falling on Cedars	https://web.archive.org/web/20210223161114/https://www.sparknotes.com/lit/cedars/
Something Wicked This Way Comes	https://web.archive.org/web/20210223161114/https://www.sparknotes.com/lit/wicked/
Song of Roland	https://web.archive.org/web/20210223161114/https://www.sparknotes.com/lit/songofroland/
Song of Solomon	https://web.archive.org/web/20210223161114/https://www.sparknotes.com/lit/solomon/
Sonny’s Blues	https://web.archive.org/web/20210223161114/https://www.sparknotes.com/short-stories/sonnys-blues/
Sons and Lovers	https://web.archive.org/web/20210223161114/https://www.sparknotes.com/lit/sonsandlovers/
Sophie's Choice	https://web.archive.org/web/20210223161114/https://www.sparknotes.com/lit/sophies-choice/
Sophie's World	https://web.archive.org/web/20210223161114/https://www.sparknotes.com/lit/sophie/
The Sound and the Fury	https://web.archive.org/web/20210223161114/https://www.sparknotes.com/lit/soundfury/
Sounder	https://web.archive.org/web/20210223161114/https://www.sparknotes.com/lit/sounder/
The Sovereignty and Goodness of God	https://web.archive.org/web/20210223161114/https://www.sparknotes.com/lit/sovereignty/
Spanish Tragedy	https://web.archive.org/web/20210223161114/https://www.sparknotes.com/drama/spanishtragedy/
Steppenwolf	https://web.archive.org/web/20210223161114/https://www.sparknotes.com/lit/steppenwolf/
A Storm of Swords	https://web.archive.org/web/20210223161114/https://www.sparknotes.com/lit/a-storm-of-swords/
The Story of an Hour	https://web.archive.org/web/20210223161114/https://www.sparknotes.com/short-stories/the-story-of-an-hour/
The Stranger	https://web.archive.org/web/20210223161114/https://www.sparknotes.com/lit/stranger/
Stranger in a Strange Land	https://web.archive.org/web/20210223161114/https://www.sparknotes.com/lit/strangeland/
A Streetcar Named Desire	https://web.archive.org/web/20210223161114/https://www.sparknotes.com/lit/streetcar/
Sula	https://web.archive.org/web/20210223161114/https://www.sparknotes.com/lit/sula/
The Sun Also Rises	https://web.archive.org/web/20210223161114/https://www.sparknotes.com/lit/sun/
Super-Frog Saves Tokyo	https://web.archive.org/web/20210223161114/https://www.sparknotes.com/short-stories/super-frog-saves-tokyo/
Surfacing	https://web.archive.org/web/20210223161114/https://www.sparknotes.com/lit/surfacing/
Swann's Way	https://web.archive.org/web/20210223161114/https://www.sparknotes.com/lit/swannsway/
The Swimmer	https://web.archive.org/web/20210223161114/https://www.sparknotes.com/short-stories/the-swimmer/
A Tale of Two Cities	https://web.archive.org/web/20210223161114/https://www.sparknotes.com/lit/a-tale-of-two-cities/
The Taming of the Shrew	https://web.archive.org/web/20210223161114/https://www.sparknotes.com/shakespeare/shrew/
The Tempest	https://web.archive.org/web/20210223161114/https://www.sparknotes.com/shakespeare/tempest/
Tender is the Night	https://web.archive.org/web/20210223161114/https://www.sparknotes.com/lit/tender/
Tess of the d’Urbervilles	https://web.archive.org/web/20210223161114/https://www.sparknotes.com/lit/tess/
The Testaments	https://web.archive.org/web/20210223161114/https://www.sparknotes.com/lit/testaments/
Their Eyes Were Watching God	https://web.archive.org/web/20210223161114/https://www.sparknotes.com/lit/eyes/
Things Fall Apart	https://web.archive.org/web/20210223161114/https://www.sparknotes.com/lit/things/
The Things They Carried	https://web.archive.org/web/20210223161114/https://www.sparknotes.com/lit/thingscarried/
This Boy's Life	https://web.archive.org/web/20210223161114/https://www.sparknotes.com/lit/thisboyslife/
This Side of Paradise	https://web.archive.org/web/20210223161114/https://www.sparknotes.com/lit/paradise/
Three Cups of Tea	https://web.archive.org/web/20210223161114/https://www.sparknotes.com/lit/three-cups-of-tea/
The Three Musketeers	https://web.archive.org/web/20210223161114/https://www.sparknotes.com/lit/3musk/
Through the Looking Glass	https://web.archive.org/web/20210223161114/https://www.sparknotes.com/lit/through-the-looking-glass/
The Time Machine	https://web.archive.org/web/20210223161114/https://www.sparknotes.com/lit/timemachine/
Timon of Athens	https://web.archive.org/web/20210223161114/https://www.sparknotes.com/shakespeare/timonofathens/
Titus Andronicus	https://web.archive.org/web/20210223161114/https://www.sparknotes.com/shakespeare/titus/
To Kill a Mockingbird	https://web.archive.org/web/20210223161114/https://www.sparknotes.com/lit/mocking/
To the Lighthouse	https://web.archive.org/web/20210223161114/https://www.sparknotes.com/lit/lighthouse/
Tom Jones	https://web.archive.org/web/20210223161114/https://www.sparknotes.com/lit/tomjones/
Tortilla Flat	https://web.archive.org/web/20210223161114/https://www.sparknotes.com/lit/tortillaflat/
Treasure Island	https://web.archive.org/web/20210223161114/https://www.sparknotes.com/lit/treasure/
A Tree Grows in Brooklyn	https://web.archive.org/web/20210223161114/https://www.sparknotes.com/lit/brooklyn/
The Trial	https://web.archive.org/web/20210223161114/https://www.sparknotes.com/lit/trial/
Tristram Shandy	https://web.archive.org/web/20210223161114/https://www.sparknotes.com/lit/tristram/
Troilus and Cressida	https://web.archive.org/web/20210223161114/https://www.sparknotes.com/shakespeare/troilus/
True West	https://web.archive.org/web/20210223161114/https://www.sparknotes.com/drama/truewest/
Tuesdays with Morrie	https://web.archive.org/web/20210223161114/https://www.sparknotes.com/lit/morrie/
The Turn of the Screw	https://web.archive.org/web/20210223161114/https://www.sparknotes.com/lit/screw/
Twelfth Night	https://web.archive.org/web/20210223161114/https://www.sparknotes.com/shakespeare/twelfthnight/
“Twilight of the Superheroes”	https://web.archive.org/web/20210223161114/https://www.sparknotes.com/lit/twilight/
The Two Gentlemen of Verona	https://web.archive.org/web/20210223161114/https://www.sparknotes.com/shakespeare/twogentlemen/
The Two Towers	https://web.archive.org/web/20210223161114/https://www.sparknotes.com/lit/twotowers/
Typee	https://web.archive.org/web/20210223161114/https://www.sparknotes.com/lit/typee/
Ulysses	https://web.archive.org/web/20210223161114/https://www.sparknotes.com/lit/ulysses/
The Unbearable Lightness of Being	https://web.archive.org/web/20210223161114/https://www.sparknotes.com/lit/unbearablelightness/
Uncle Tom’s Cabin	https://web.archive.org/web/20210223161114/https://www.sparknotes.com/lit/uncletom/
Uncle Vanya	https://web.archive.org/web/20210223161114/https://www.sparknotes.com/drama/unclevanya/
The Unvanquished	https://web.archive.org/web/20210223161114/https://www.sparknotes.com/lit/unvanquished/
A Very Old Man with Enormous Wings	https://web.archive.org/web/20210223161114/https://www.sparknotes.com/short-stories/a-very-old-man-with-enormous-wings/
A View from the Bridge	https://web.archive.org/web/20210223161114/https://www.sparknotes.com/drama/viewbridge/
Virgin Suicides	https://web.archive.org/web/20210223161114/https://www.sparknotes.com/lit/virginsuicides/
Volpone	https://web.archive.org/web/20210223161114/https://www.sparknotes.com/drama/volpone/
Waiting for Godot	https://web.archive.org/web/20210223161114/https://www.sparknotes.com/lit/godot/
Walden	https://web.archive.org/web/20210223161114/https://www.sparknotes.com/lit/walden/
Walden Two	https://web.archive.org/web/20210223161114/https://www.sparknotes.com/lit/walden2/
Walk Two Moons	https://web.archive.org/web/20210223161114/https://www.sparknotes.com/lit/twomoons/
War and Peace	https://web.archive.org/web/20210223161114/https://www.sparknotes.com/lit/warandpeace/
Warriors Don’t Cry	https://web.archive.org/web/20210223161114/https://www.sparknotes.com/lit/warriorsdontcry/
Watership Down	https://web.archive.org/web/20210223161114/https://www.sparknotes.com/lit/watership/
The Waves	https://web.archive.org/web/20210223161114/https://www.sparknotes.com/lit/waves/
What We Talk About When We Talk About Love	https://web.archive.org/web/20210223161114/https://www.sparknotes.com/short-stories/what-we-talk-about-when-we-talk-about-love/
When Heaven and Earth Changed Places	https://web.archive.org/web/20210223161114/https://www.sparknotes.com/lit/whenheaven/
When the Legends Die	https://web.archive.org/web/20210223161114/https://www.sparknotes.com/lit/whenlegends/
Where Are You Going Where Have You Been?	https://web.archive.org/web/20210223161114/https://www.sparknotes.com/short-stories/where-are-you-going-where-have-you-been/
Where the Red Fern Grows	https://web.archive.org/web/20210223161114/https://www.sparknotes.com/lit/redfern/
White Fang	https://web.archive.org/web/20210223161114/https://www.sparknotes.com/lit/fang/
White Noise	https://web.archive.org/web/20210223161114/https://www.sparknotes.com/lit/whitenoise/
Who's Afraid of Virginia Woolf?	https://web.archive.org/web/20210223161114/https://www.sparknotes.com/lit/afraidofwoolf/
Why I Live at the P.O.	https://web.archive.org/web/20210223161114/https://www.sparknotes.com/short-stories/why-i-live-at-the-po/
Wide Sargasso Sea	https://web.archive.org/web/20210223161114/https://www.sparknotes.com/lit/sargasso/
Winesburg Ohio	https://web.archive.org/web/20210223161114/https://www.sparknotes.com/lit/winesburgohio/
Winter Dreams	https://web.archive.org/web/20210223161114/https://www.sparknotes.com/short-stories/winter-dreams/
The Winter's Tale	https://web.archive.org/web/20210223161114/https://www.sparknotes.com/shakespeare/winterstale/
Woman at Point Zero	https://web.archive.org/web/20210223161114/https://www.sparknotes.com/lit/pointzero/
The Woman Warrior	https://web.archive.org/web/20210223161114/https://www.sparknotes.com/lit/womanwarrior/
The Women of Brewster Place	https://web.archive.org/web/20210223161114/https://www.sparknotes.com/lit/brewsterplace/
A Wrinkle in Time	https://web.archive.org/web/20210223161114/https://www.sparknotes.com/lit/wrinkle/
Wuthering Heights	https://web.archive.org/web/20210223161114/https://www.sparknotes.com/lit/wuthering/
The Year of Magical Thinking	https://web.archive.org/web/20210223161114/https://www.sparknotes.com/lit/yearmagical/
A Yellow Raft in Blue Water	https://web.archive.org/web/20210223161114/https://www.sparknotes.com/lit/yellowraft/
The Yellow Wallpaper	https://web.archive.org/web/20210223161114/https://www.sparknotes.com/lit/yellowwallpaper/
Young Goodman Brown	https://web.archive.org/web/20210223161114/https://www.sparknotes.com/short-stories/young-goodman-brown/
